"Hello","15-Jan-2025","17:04:41"
"Hello","15-Jan-2025","17:04:41"
"Hello","15-Jan-2025","17:04:41"
"Hello","15-Jan-2025","17:04:41"
"Hello","15-Jan-2025","17:04:41"
"Hello","15-Jan-2025","17:04:41"
"Hello","15-Jan-2025","17:06:16"
"Hello","15-Jan-2025","17:06:16"
"Hello","15-Jan-2025","17:08:14"
"Hello","15-Jan-2025","17:08:33"
"Pencil","15-Jan-2025","17:08:33"
"Apple","19-Jan-2025","00:31:55"
"Apple","19-Jan-2025","00:31:55"
"Apple","19-Jan-2025","00:31:55"
"Apple","19-Jan-2025","00:31:55"
"Apple","19-Jan-2025","00:31:55"
"Apple","19-Jan-2025","00:31:55"
"Apple","19-Jan-2025","00:31:55"
"Apple","19-Jan-2025","00:31:55"
"Apple","19-Jan-2025","00:31:55"
"Apple","19-Jan-2025","00:31:55"
"Apple","19-Jan-2025","00:31:55"
"Apple","19-Jan-2025","00:31:55"
"Apple","19-Jan-2025","00:31:55"
"Apple","19-Jan-2025","00:31:55"
"Apple","19-Jan-2025","00:31:55"
"Apple","19-Jan-2025","00:31:55"
"Apple","19-Jan-2025","00:31:55"
"Apple","19-Jan-2025","00:31:55"
"Apple","19-Jan-2025","00:31:55"
"Apple","19-Jan-2025","00:32:30"
"Apple","19-Jan-2025","00:32:30"
"Apple","19-Jan-2025","00:32:30"
"Apple","19-Jan-2025","00:32:46"
"Apple","19-Jan-2025","00:32:46"
"Apple","19-Jan-2025","00:32:46"
"Apple","19-Jan-2025","00:32:46"
"Apple","19-Jan-2025","00:32:46"
"Apple","19-Jan-2025","00:32:46"
"Apple","19-Jan-2025","00:32:46"
"Apple","19-Jan-2025","00:32:46"
"Apple","19-Jan-2025","00:32:46"
"Apple","19-Jan-2025","00:32:46"
"Apple","19-Jan-2025","00:32:46"
"Apple","19-Jan-2025","00:32:46"
"Apple","19-Jan-2025","00:32:46"
"Apple","19-Jan-2025","00:32:46"
"Apple","19-Jan-2025","00:32:46"
"Apple","19-Jan-2025","00:32:46"
"Apple","19-Jan-2025","00:32:46"
"Apple","19-Jan-2025","00:32:46"
"Apple","19-Jan-2025","00:32:46"
"Apple","19-Jan-2025","00:32:46"
"Apple","19-Jan-2025","00:32:46"
"Apple","19-Jan-2025","00:32:46"
"Apple","19-Jan-2025","00:32:46"
"Box","19-Jan-2025","00:32:46"
"Box","19-Jan-2025","00:32:46"
"Box","19-Jan-2025","00:32:46"
"Box","19-Jan-2025","00:32:46"
"Box","19-Jan-2025","00:32:46"
"Box","19-Jan-2025","00:32:46"
"Box","19-Jan-2025","00:32:46"
"Box","19-Jan-2025","00:32:46"
"Box","19-Jan-2025","00:32:46"
"Box","19-Jan-2025","00:32:46"
"Box","19-Jan-2025","00:32:46"
"Box","19-Jan-2025","00:32:46"
"Box","19-Jan-2025","00:32:46"
"Box","19-Jan-2025","00:32:46"
"Box","19-Jan-2025","00:32:46"
"Bottle","19-Jan-2025","00:34:48"
"Bottle","19-Jan-2025","00:34:48"
"Box","19-Jan-2025","00:35:41"
"Box","19-Jan-2025","00:35:41"
"Box","19-Jan-2025","00:35:41"
"Box","19-Jan-2025","00:35:41"
"Box","19-Jan-2025","00:35:41"
"Box","19-Jan-2025","00:35:41"
"Box","19-Jan-2025","00:35:41"
"Box","19-Jan-2025","00:35:41"
"Box","19-Jan-2025","00:35:41"
"Box","19-Jan-2025","00:35:41"
"Box","19-Jan-2025","00:36:10"
"Box","19-Jan-2025","00:36:10"
"Box","19-Jan-2025","00:36:34"
"Box","19-Jan-2025","00:36:34"
"Box","19-Jan-2025","00:36:34"
"Box","19-Jan-2025","00:36:34"
"Box","19-Jan-2025","00:36:34"
"Box","19-Jan-2025","00:36:34"
"Box","19-Jan-2025","00:36:34"
"Box","19-Jan-2025","00:36:34"
"Box","19-Jan-2025","00:37:30"
"Box","19-Jan-2025","00:37:30"
"Box","19-Jan-2025","00:37:30"
"Box","19-Jan-2025","00:37:30"
"Box","19-Jan-2025","00:37:30"
"Box","19-Jan-2025","00:37:30"
"Box","19-Jan-2025","00:37:30"
"Box","19-Jan-2025","00:37:30"
"Box","19-Jan-2025","00:37:30"
"Box","19-Jan-2025","00:37:30"
"Box","19-Jan-2025","00:37:30"
"Box","19-Jan-2025","00:37:30"
"Box","19-Jan-2025","00:37:30"
"Bottle","19-Jan-2025","00:37:30"
"Bottle","19-Jan-2025","00:37:30"
"Bottle","19-Jan-2025","00:37:30"
"Bottle","19-Jan-2025","00:37:30"
"Bottle","19-Jan-2025","00:37:30"
"Bottle","19-Jan-2025","00:37:30"
"Bottle","19-Jan-2025","00:37:30"
"Bottle","19-Jan-2025","00:37:30"
"Bottle","19-Jan-2025","00:37:30"
"Bottle","19-Jan-2025","00:37:30"
"Bottle","19-Jan-2025","00:37:30"
"Bottle","19-Jan-2025","00:37:30"
"Bottle","19-Jan-2025","00:37:30"
